,neither,hate,offensive,cw_tweet,hate_score,offensive_score,neither_score,POS,NEG,ANG,nw
6641,0.0,1.0,0.0,@matt_chu22 @ryanriehle agree ethiopian starvin looking nigger ass africa buyfoodlittleguy,0.8120042305855873,0.8049905824769952,0.6767816644515143,0.1,0.0,0.0,10
3448,0.0,1.0,0.0,@idisdummies speak coherent sentence sounding like nig seriously,0.6635311761953196,0.5384752518056342,0.6983054108458923,0.125,0.0,0.0,8
4015,0.0,1.0,0.0,@makeanothahov t.o faggot crybaby,0.42991576713347546,0.4683623903480586,0.1235938332083441,0.0,0.0,0.0,4
4076,0.0,1.0,0.0,@menachemdreyfus @natlfascist88 @waspnse shit ass shabbat moms pussy u jew bastard ur times coming heil hitler,0.7001775097304114,0.7577883474273829,0.5059088447452146,0.0,0.0,0.0,16
24776,0.0,1.0,0.0,niggers,0.6360739025674186,0.5859909442565276,0.43802907178822936,0.0,0.0,0.0,1
19077,0.0,1.0,0.0,rt @harmon_lauren jenna faggot,0.39402452153562983,0.4381520554686988,0.19413982847386546,0.0,0.0,0.0,4
4767,0.0,1.0,0.0,@stevestockmantx s friggin idiot redneck teabagger constituants buy love stupid people,0.6950665506240384,0.710726714386356,0.6155685513607201,0.0,0.09090909090909091,0.0,11
7335,0.0,1.0,0.0,@xzimpx @prophzilla twitter fag retarded,0.5290121371510941,0.49627031484236966,0.3945565786873241,0.0,0.2,0.0,5
4657,0.0,1.0,0.0,@schulzgrayson @dswizzle3 oh woulda coulda shoulda ass niggas bitch ass nigga u bout oh ban wagging ass nigga catch phase,0.6677748622934873,0.7453160800738488,0.4378433850861997,0.0,0.05,0.05,20
9807,0.0,1.0,0.0,hey folk nigger loving jew boy @deuterostomes asked making death threats goat fucking people fuck,0.8520359190527954,0.7807129587068394,0.737966533743188,0.06666666666666667,0.0,0.0,15
16595,0.0,1.0,0.0,rt @nytminuscontext kill whitey,0.6147403861555505,0.5435166809952718,0.49987125269401794,0.0,0.25,0.0,4
5557,0.0,1.0,0.0,@austin_farrar fucking queer faggot bitch,0.7166340277074348,0.7386880826748332,0.4387880125481023,0.0,0.0,0.0,5
833,0.0,1.0,0.0,firefighter job white trash,0.6254947713118875,0.5346312867111238,0.6273627584267574,0.25,0.0,0.0,4
2174,0.0,1.0,0.0,aaaaaaaaand begins rt @rileydakafka fucking niggers kentucky,0.7515029483858342,0.7289600892015264,0.6736641492797873,0.0,0.0,0.0,7
184,0.0,1.0,0.0,@markroundtreejr lmfaoooo hate black people https://t.co/rnvd2nlcdr black people niggers,0.772982436973318,0.5982488941984183,0.6903851331910437,0.0,0.3333333333333333,0.1111111111111111,9
12086,0.0,1.0,0.0,johnny rebel nigger day http://t.co/jpkdkpbjxh,0.5273032212460024,0.49223034741452004,0.5014902178914936,0.0,0.0,0.0,5
14235,0.0,1.0,0.0,rt @asshole_god hate fags answer yes,0.5708746466142243,0.5904243902369763,0.4390923466398061,0.0,0.0,0.0,6
12171,0.0,1.0,0.0,u mad search bar search stupid niggers amp hop somebodys head mention lol @stonethegreat23,0.7013545287952759,0.700864765621352,0.6559304976456615,0.0,0.14285714285714285,0.07142857142857142,14
1885,0.0,1.0,0.0,"8220;@rocafella123 @waymoflydenu fleek yo vocabulary faggot""&#8221",0.378192296825832,0.4124824340283648,0.2964136097133441,0.0,0.0,0.0,6
3191,0.0,1.0,0.0,@frankiejgrande fugly queer white trash,0.5943031192531782,0.46163596270499363,0.4923732070175529,0.2,0.0,0.0,5
8904,0.0,1.0,0.0,eda queers aa lol @vbomb20 @gduenez http://t.co/gzzrzjvvlv,0.4150109696922328,0.43780228595969084,0.31237543671511225,0.0,0.0,0.0,7
2816,0.0,1.0,0.0,@chalecarlo5 fuck outta trash ass ink faggot ass self pussy,0.6434667421806137,0.694528204855963,0.4085335527050142,0.0,0.0,0.0,10
19746,0.0,1.0,0.0,rt @nick_pertile oh goodness hate chinese people fucking zipperheads,0.7813084011584769,0.7478936353146008,0.6637719926820029,0.0,0.1111111111111111,0.1111111111111111,9
2834,0.0,1.0,0.0,@cheesus85 @greyyygoose faaaaggggottttt speaking blonde hair confused hypocrite cuz faggot,0.7231091749674352,0.6790017615223182,0.6179236089313476,0.0,0.1,0.0,10
3912,0.0,1.0,0.0,@lexvan13 nigeria faggot,0.4533534803088935,0.40707726326786614,0.2910859429015338,0.0,0.0,0.0,3
1789,0.0,1.0,0.0,"8220;@iamkrause need thank killing niggers reward.&#8221 

 dis pal graduation",0.6968009376965102,0.6494380728882524,0.6562715692435451,0.0,0.1111111111111111,0.0,9
17964,0.0,1.0,0.0,rt @vatxn illegal alien race crime @muchomacho @mcdonalds @jeandeaux1776 @cspanwj wetbacks http://t.co/pf2ypelyop,0.5130059245647416,0.3434492573524171,0.4900591927689083,0.0,0.16666666666666666,0.08333333333333333,12
23818,0.0,1.0,0.0,fat dykes want vomit,0.612012921988203,0.6540643350589291,0.49160046873483176,0.0,0.0,0.0,4
3198,0.0,1.0,0.0,@freddyamazin ratchet looking nigger,0.7501173414180037,0.7255189573699123,0.7166208774635208,0.0,0.0,0.0,4
3496,0.0,1.0,0.0,@imtoblame fatherless wallet carrying ass video game playing ass negro breh filth way afford date twitterhoney,0.7691729082402496,0.7655124383470115,0.7451273939029581,0.0625,0.0,0.0,16
7284,0.0,1.0,0.0,@whiteangelss84 y nt u end monkeys u hate better crackers amp love deep u know ve nothin u,0.5897623351819271,0.6232741387274872,0.5356101885672092,0.0,0.05555555555555555,0.05555555555555555,18
17128,0.0,1.0,0.0,rt @rollingwithtrin niggers store knowwww stealing 128514;&#128514;&#128514,0.6253135173938649,0.5756271999522411,0.6416888769723084,0.14285714285714285,0.14285714285714285,0.14285714285714285,7
6696,0.0,1.0,0.0,@miranda_mills okay let fight ginger faggot,0.7015557188171951,0.7277051490887158,0.6081332453747167,0.0,0.16666666666666666,0.16666666666666666,6
11531,0.0,1.0,0.0,spic talks white person white person kills self defense,0.6997433492448593,0.5231088059674535,0.7333887810321439,0.2222222222222222,0.1111111111111111,0.0,9
3401,0.0,1.0,0.0,@hovaa shut lizard faggot nigger cunt,0.5646081806049024,0.584242939511967,0.30605140679463166,0.0,0.0,0.0,6
4389,0.0,1.0,0.0,@patdollard fuckin muzzie cunts deported savages,0.6301068383931508,0.5582785596419906,0.4076837110217106,0.0,0.16666666666666666,0.0,6
1444,0.0,1.0,0.0,"8220;@nochillpaz white kids favorite activities 
 calling people niggers xbox 
 2.fucking pet 
 shooting school&#8221",0.7315133151906069,0.6088877505438453,0.7750212428258475,0.15384615384615385,0.0,0.0,13
13088,0.0,1.0,0.0,neighbors sick wake um nigger music ctfu,0.6387317374611103,0.6541238465476769,0.5078248553641658,0.0,0.14285714285714285,0.0,7
3751,0.0,1.0,0.0,@klsouth @miss_didi23 evil hate whitey racist thinks delbert belton deserved @maryforbes14 @enemiesofdonnaj @stephannanson,0.6834289596810954,0.5795082355446954,0.5242553996879686,0.07692307692307693,0.07692307692307693,0.15384615384615385,13
4332,0.0,1.0,0.0,@officialskais kill ugly ass monkey looking shit,0.7745419082083992,0.8224971353360352,0.5545951077962115,0.0,0.2857142857142857,0.0,7
24084,0.0,1.0,0.0,real life online follow sorry folks cause look like border hopper mean born raised,0.7389290387336427,0.6609973033311038,0.790286046607382,0.07142857142857142,0.0,0.07142857142857142,14
14204,0.0,1.0,0.0,rt @anthonybialy maryland bunch hateful rednecks,0.6773807662453801,0.6275240367557596,0.5698530655233417,0.0,0.16666666666666666,0.16666666666666666,6
8941,0.0,1.0,0.0,elizabeth a.stupid hoe,0.1605374915968464,0.19988050316625058,0.12597031458612726,0.0,0.0,0.0,3
8105,0.0,1.0,0.0,black bitches kickin school bitches comin wit durags head nd shit,0.7623777674442098,0.7773690862601508,0.6463716704701947,0.0,0.09090909090909091,0.0,11
5987,0.0,1.0,0.0,@fucktyler fuck spear chucker,0.6641728927144342,0.6991940712406826,0.4786689261911877,0.0,0.0,0.0,4
21129,0.0,1.0,0.0,spics half breed trash filthy native allowed speak european,0.72027125704487,0.570046512279137,0.7470510667981023,0.0,0.1111111111111111,0.0,9
13781,0.0,1.0,0.0,pennsylvania white trash pennsylvanians,0.6036164703115807,0.4396232201809813,0.5888131499418334,0.0,0.0,0.0,4
3356,0.0,1.0,0.0,@heauxmersimpson jus tryna vaca away niggers bro,0.5754055004041516,0.607404118828225,0.46031682200897817,0.0,0.0,0.0,7
459,0.0,1.0,0.0,hey look video man found kidnapped girls ohio nigger shitmybosssays,0.7864899888578066,0.741377769126244,0.7422961780606795,0.0,0.1,0.1,10
4442,0.0,1.0,0.0,@prophzilla hate blew like hipster hate faggots love music based worst +,0.5643668621844306,0.5224781046783366,0.5087594528042597,0.0,0.08333333333333333,0.08333333333333333,12
15185,0.0,1.0,0.0,rt @femshaveballz longer run business n america deemed acceptable political group retards known democr&#8230,0.5561024481446317,0.40484175998580285,0.630744627614514,0.07142857142857142,0.0,0.0,14
22803,0.0,1.0,0.0,white trash okies count real white people count white person count person okies people,0.7274795237725135,0.5395626715024061,0.7510002395167649,0.5,0.0,0.0,14
17814,0.0,1.0,0.0,rt @torahblaze @1sonofyahweh ashamed single life fuck w nasty faggot ass white man,0.8002317188349519,0.7808583954019652,0.6154261322508505,0.07692307692307693,0.07692307692307693,0.07692307692307693,13
11653,0.0,1.0,0.0,kill cops cracker babies black states white states latino states moving backwards,0.7168076114139554,0.516040781293375,0.7205652299051335,0.0,0.25,0.0,12
683,0.0,1.0,0.0,california white trash,0.612937371460087,0.4578909802250699,0.6032656196539367,0.0,0.0,0.0,3
7105,0.0,1.0,0.0,@sweetakin rich white liberals know best black people obviously uncle toms,0.7940851767285662,0.6498312208734883,0.8013325503880036,0.09090909090909091,0.09090909090909091,0.0,11
2703,0.0,1.0,0.0,@buckm00se like sand nigger entertaining like knockdowns,0.7673232667680419,0.7218532935078871,0.7787527367588392,0.14285714285714285,0.0,0.0,7
738,0.0,1.0,0.0,minnesota white trash,0.5995111818586613,0.4525394307282159,0.57934697584755,0.0,0.0,0.0,3
12189,0.0,1.0,0.0,kanye west faggot,0.2410388863701618,0.18933001213080078,0.18566516078555673,0.0,0.0,0.0,3
20046,0.0,1.0,0.0,rt @sorryimalex got called faggot buying girl toms gon na fuck person ass,0.7437493654235235,0.8217592424489212,0.5771860456754281,0.0,0.0,0.0,13
21535,0.0,1.0,0.0,blacks california typical niggers,0.6561366648556417,0.4674412019217422,0.6476448473805506,0.0,0.0,0.0,4
7546,0.0,1.0,0.0,ai nt wearing new westbrook jordan mexicans amp trailer park trash white girls,0.7036947374852369,0.6922570019834069,0.6485416737034939,0.07692307692307693,0.07692307692307693,0.0,13
2459,0.0,1.0,0.0,"@anthonycumia 
 totally correct anthony can&#8217;t livin round dem colored folk day bringin da hood dem propery value",0.5791637286201903,0.524763711177625,0.6990898326995872,0.0,0.0,0.0,17
5919,0.0,1.0,0.0,@elchavaloko cares tbh ones shitty dirty argentino amp feather fisted nigger,0.8193393773013542,0.7909542829840323,0.7498295150787251,0.0,0.09090909090909091,0.0,11
21058,0.0,1.0,0.0,somebody choke fucking retard keeps yelling mashed potatoes tool pgachampionship,0.774200711935309,0.7712140954929415,0.7398145370619235,0.0,0.2,0.2,10
4822,0.0,1.0,0.0,@theracistdoctor little nigger grow big nigger,0.6949456321865435,0.7016545527111261,0.6226743051620861,0.0,0.0,0.0,6
19136,0.0,1.0,0.0,rt @ibezo stupid fucking nigger lebron flopping stupid jungle bunny monkey faggot,0.7749517452807125,0.7969088145609716,0.5723071633795324,0.0,0.25,0.0,12
12485,0.0,1.0,0.0,lmao rt @handsomeesco_55 u live wit ya girl u dishes u faggot,0.5045354584668773,0.5611059947288929,0.3930135589171266,0.0,0.0,0.0,12
2668,0.0,1.0,0.0,@braxcity29 @maria_obregon_g @sophia_freeman1 3/4 citizen said maria spic,0.47603172598703697,0.40076809793241075,0.4664290555184628,0.0,0.0,0.0,8
3911,0.0,1.0,0.0,@levi_page bend way queer thanks offer flattering,0.6298996217901476,0.5994378830894989,0.7087244958478958,0.2857142857142857,0.0,0.0,7
796,0.0,1.0,0.0,vinitahegwood job naacp ag hear like diversity tolerance long ai cracker tcot,0.7257940755631755,0.7365401044359992,0.6680739560422713,0.0,0.0,0.0,12
6263,0.0,1.0,0.0,@jimachterfeld @joeo670 @dan_bernsein bernstine chi sox jew fag,0.27556203156722026,0.28569121547674936,0.1373933467301326,0.0,0.0,0.0,8
6640,0.0,1.0,0.0,@marylene58 @sunflower1790 @shelliecorreia @jan4usa niggress thinks human,0.5414441048259034,0.4363406458065859,0.5110283264845018,0.0,0.0,0.0,7
3199,0.0,1.0,0.0,@freeajay understand look like real life dyke right like look like wnba dyke bro sports bra amp bball shorts wearing dyke,0.8123373130720275,0.7838033953094125,0.8293264283196793,0.047619047619047616,0.047619047619047616,0.0,21
4758,0.0,1.0,0.0,@stephyrae7 faggot,0.3902238288628864,0.4112493103974241,0.06379101171447685,0.0,0.0,0.0,2
2853,0.0,1.0,0.0,@christian_esem know talking retarded faggot,0.7693345153462168,0.7477133953545595,0.6323185689914359,0.2,0.0,0.0,5
16103,0.0,1.0,0.0,rt @lanurse1 michaelbrown supporter says whites evil albino black babies seriously tcot @klsouth http://t.co/p&#8230,0.737572930208723,0.5757633212469397,0.6864427728081977,0.0,0.14285714285714285,0.07142857142857142,14
22868,0.0,1.0,0.0,filthy wetback half breed spic savages live losangeles right,0.7447277455098414,0.6527756171675767,0.7545951153177661,0.0,0.1111111111111111,0.0,9
11129,0.0,1.0,0.0,"like apologize called fat stupid gay nigger jew retarded truly sorry 

 jk 

 trolling 

 fags",0.8152468295650356,0.7670127709658734,0.6410837651726079,0.07142857142857142,0.21428571428571427,0.0,14
15453,0.0,1.0,0.0,rt @heidil_rn fuck islam pigfucking trash troll @itsjustme7o7 @mzkerievans @ctbauza,0.680860761092602,0.6951620230337949,0.4873702146085628,0.0,0.0,0.0,10
11391,0.0,1.0,0.0,sick u niggers,0.5635358801196678,0.5962911808242656,0.39687243125295546,0.0,0.3333333333333333,0.0,3
5840,0.0,1.0,0.0,@denytheprophecy thanks ignoring texts fag,0.5540481490161724,0.45878251267259484,0.5940476461960801,0.0,0.2,0.0,5
4740,0.0,1.0,0.0,"@stanleystinks shame self hating kike 
 jews g d chosen people",0.5328539861719731,0.4329740170846933,0.5431565467743846,0.0,0.1,0.1,10
3407,0.0,1.0,0.0,@huffingtonpost faggots page y nt they?faggots offend,0.327568139769626,0.34940765308642613,0.25549079546335696,0.0,0.14285714285714285,0.14285714285714285,7
3673,0.0,1.0,0.0,@joedouglas1 sit stfu raghead @darknight420 @hajihuntingpat,0.32384753217068035,0.3715202324758646,0.29009351966039654,0.0,0.0,0.0,6
3559,0.0,1.0,0.0,@jpantsdotcom @todd__kincannon @the__realtony partial faggot homo fairly describes sick twisted assholes,0.7543473801470597,0.6428563079945397,0.6634064878510452,0.09090909090909091,0.09090909090909091,0.0,11
5873,0.0,1.0,0.0,@dolphrudager kids queers,0.5504012077807345,0.5543547317975407,0.4868726013680372,0.0,0.0,0.0,3
1412,0.0,1.0,0.0,8220;@maxwell_larsen live gay afraid black dicks butt fucking queer,0.7788781709935956,0.7188024244117425,0.6127008325884296,0.0,0.3333333333333333,0.0,9
2817,0.0,1.0,0.0,@chalecarlo5 stay talking defending fuckboy ass boyfriend suck faggot,0.7654726697082058,0.7983482531726523,0.600747832143499,0.2222222222222222,0.1111111111111111,0.0,9
22373,0.0,1.0,0.0,ugly fucking nigger baby thought gorilla first.14/88 http://t.co/bq3g01rxkn,0.8295082425599346,0.8282599811040645,0.6816070316558511,0.0,0.125,0.0,8
6706,0.0,1.0,0.0,@mlvassallo oh fags gross aids infected sick fuckers,0.6073387283879135,0.5989146787865356,0.4762040250834396,0.0,0.375,0.0,8
8108,0.0,1.0,0.0,black people like @chiefkeef disgust laughing died dumb monkey ass niggas like need locked stupidity,0.8759283718727227,0.83941278178152,0.7265575997044172,0.06666666666666667,0.2,0.0,15
4930,0.0,1.0,0.0,@thekushzombie aww y u mad tho successful man lmfao hut hugging faggot,0.5823967262956072,0.6027230491471836,0.4676716678046749,0.16666666666666666,0.08333333333333333,0.08333333333333333,12
6929,0.0,1.0,0.0,@rickygervais boring&amp;hack allah mohamed fags mention well.did god away balls punishment,0.6575941639246329,0.5697144140885608,0.635524807676285,0.0,0.09090909090909091,0.09090909090909091,11
22587,0.0,1.0,0.0,fag,0.2925903929985249,0.318122634141067,0.07629872561023364,0.0,0.0,0.0,1
9308,0.0,1.0,0.0,fuck fuck stupid cheating bitch lick dick die ur stupid nigger bitch,0.7148547975029231,0.7982364714919328,0.4284754567251627,0.0,0.3333333333333333,0.08333333333333333,12
14491,0.0,1.0,0.0,rt @broganwebber beyonc&#233 trash,0.43622855491677903,0.4453623859086713,0.3610063218246387,0.0,0.0,0.0,4
2178,0.0,1.0,0.0,white rolls eyes rt @didntdonuffin @dreaaalove rip nigga trayvon worthless spear chucker,0.7385808656205678,0.711146162260509,0.6486339034109069,0.08333333333333333,0.08333333333333333,0.08333333333333333,12
23835,0.0,1.0,0.0,fuck ray rice crack bitch,0.6008391647504714,0.6458601469312986,0.5043367272101472,0.0,0.0,0.0,5
3428,0.0,1.0,0.0,@huntermoore happy cuz woke white nigger,0.7325890778862837,0.7151994525242824,0.5994315968042753,0.3333333333333333,0.0,0.0,6
5550,0.0,1.0,0.0,@asshole_king pills nig years like magic j .that nig hav died years ago y'all team draft gay,0.6274010553764642,0.5341569282078614,0.6290140942644141,0.0,0.05555555555555555,0.0,18
9332,0.0,1.0,0.0,fucking hate coon ahh uncle,0.711428178439111,0.7193673651901806,0.5001948841120999,0.0,0.0,0.0,5
23326,0.0,1.0,0.0,word rt @jrwrz @thotcho beat fucking faggots pls,0.7270198503014491,0.7356138434946091,0.6048405501679441,0.0,0.0,0.0,8
10182,0.0,1.0,0.0,da flow temple today fo nuttin dat jew wit funky hair tell subhuman tell ai mo human den monkey,0.6583752972902309,0.7070818426034174,0.5644182876911119,0.0,0.0,0.0,19
2254,0.0,1.0,0.0,old hoes ponk dyke outchea having girl talk,0.6487771151553493,0.6277494428281745,0.5858614228170241,0.125,0.0,0.0,8
5143,0.0,1.0,0.0,@whosjuly faggot like state,0.6767155143126599,0.5517798702528975,0.6109787649853604,0.0,0.0,0.0,4
17257,0.0,1.0,0.0,rt @seymor_buccs man coons jus quit yo job found ya boss racist shut tha fucc niggas love,0.7464775871597417,0.7727503986113814,0.578246900606721,0.058823529411764705,0.058823529411764705,0.0,17
23246,0.0,1.0,0.0,jiggaboo,0.0,0.0,0.0,0.0,0.0,0.0,1
4478,0.0,1.0,0.0,@rsberto dumb haitian fake black faggots haiti neck,0.6747167490242343,0.6205367036163655,0.5317596512417269,0.0,0.375,0.0,8
3292,0.0,1.0,0.0,@gossipcop julie tell crybaby blacks blk dress white faced niggers whining,0.7915045896820857,0.6768923271639768,0.734105471429352,0.09090909090909091,0.09090909090909091,0.0,11
11845,0.0,1.0,0.0,iont niggas fags,0.37783997397580826,0.4252157141568691,0.1070511133657238,0.0,0.0,0.0,3
10478,0.0,1.0,0.0,hate white trash cops raped murdered infant daughters son,0.5989349775854312,0.5145882572854614,0.46365525635172083,0.1111111111111111,0.3333333333333333,0.3333333333333333,9
11312,0.0,1.0,0.0,upset got faggots,0.5480376636727652,0.651721666095112,0.411370828836126,0.0,0.0,0.0,3
23940,0.0,1.0,0.0,hope gezus gets shot faggot head houston nbombs,0.6413726599159466,0.6685108785052797,0.6240186630710682,0.0,0.125,0.125,8
8991,0.0,1.0,0.0,spic cop killed pigs got job white people,0.7866695982889274,0.732646082492078,0.6856277150441046,0.125,0.125,0.0,8
8106,0.0,1.0,0.0,black cops want kill white citizens spic cops want kill anglo citizens zigeuner cops rapists,0.786161589850627,0.6795483921886554,0.6617653675171496,0.06666666666666667,0.2,0.0,15
2946,0.0,1.0,0.0,@darealalexinla @woody_afc @rodriguez5 nig fun watch got admit ebola boy speak broken spanish lol,0.7307576502530244,0.7816520047961383,0.6773706452155032,0.0,0.0,0.0,14
15659,0.0,1.0,0.0,rt @isaidnick niggers ignorant http://t.co/p9jddvsrvb,0.7368872963921149,0.6583821384410717,0.5465643347246306,0.0,0.4,0.0,5
20671,0.0,1.0,0.0,like da colored folk gettin da way lately sayin,0.5002991767721865,0.5036605232046082,0.5157277725938901,0.0,0.0,0.0,9
7272,0.0,1.0,0.0,@wclemons @thejoelberggren @anthonycumia little fag fuck woman kids plus work support hipster homo,0.7923161096272966,0.7478796225974101,0.7487279627954209,0.0,0.0,0.0,13
20252,0.0,1.0,0.0,rt @twerkn4boba fuck bitch kill http://t.co/3eigzh6q13,0.6504653220313134,0.7206145127575091,0.403223632433506,0.0,0.16666666666666666,0.0,6
6850,0.0,1.0,0.0,@pombuenaa surprised read slits eyes,0.5452754358942875,0.543821355105532,0.57932965186566,0.2,0.0,0.0,5
3677,0.0,1.0,0.0,@joey_d26 sweet comeback u fuckin herb dnt watch soccer d wax bitch ass swallow red soxs kids ur nyc fag,0.7007947994276673,0.7777515656636281,0.6108744075553475,0.05,0.0,0.0,20
2759,0.0,1.0,0.0,@campos_uli fag hesgay,0.2925903843544114,0.3181226356909274,0.07629872895327797,0.0,0.0,0.0,3
6801,0.0,1.0,0.0,@oniinebaby knew faggot,0.5139278601698143,0.5418744233366701,0.30666854130755045,0.0,0.0,0.0,3
2679,0.0,1.0,0.0,@brenddan said bullshit damn niggers,0.6183452503672643,0.6335893980251012,0.40296274081497996,0.0,0.2,0.2,5
2602,0.0,1.0,0.0,@billionairecrow @neelahrelates wrong white race fuckin coon slaying piece poop die,0.795511318898386,0.7227803335636457,0.694150820982303,0.0,0.18181818181818182,0.09090909090909091,11
4248,0.0,1.0,0.0,@natlfascist88 @waspnse jews white race traitors swept clean aryan race survive,0.5751875472029055,0.4209183232862845,0.5957052287813452,0.2727272727272727,0.0,0.0,11
21188,0.0,1.0,0.0,stu rape faced faggot man sick nigga,0.6626788631217961,0.6091780899515987,0.4299919096756154,0.0,0.14285714285714285,0.0,7
15660,0.0,1.0,0.0,rt @italian_montana 8220;@arosati96 bromance pat ant real&#8221 fuck faggot,0.6272803290463492,0.6431691769850032,0.4167461678552683,0.0,0.0,0.0,9
588,0.0,1.0,0.0,people think gay marriage okay sorry want future son seeing fags walking street holding hands,0.800958196349566,0.7410942559655724,0.7708526485270955,0.0,0.0,0.0,15
13338,0.0,0.0,1.0,niggas straight hoes bruh stop fuckin em,0.6278637367661791,0.704937146684409,0.48739100212305847,0.0,0.0,0.0,7
14636,0.0,0.0,1.0,rt @cesar_wtx pink nipples cute looking nasty bitch,0.6728809433911564,0.7371486950010823,0.6110943411309729,0.125,0.125,0.125,8
23849,0.0,0.0,1.0,pussies,0.46818515649149195,0.5071259725729895,0.29019888836148533,0.0,0.0,0.0,1
13420,0.0,0.0,1.0,planet earth protective bull dykes,0.5960408587087886,0.5061980935722754,0.6239263710927438,0.2,0.0,0.0,5
18561,0.0,0.0,1.0,rt @anderson6benton 8220;@t_rev_13 dumb bitches thing extinct &#8221 real,0.28664044199082955,0.3182176233540708,0.26967490209718303,0.1111111111111111,0.2222222222222222,0.0,9
8264,0.0,0.0,1.0,bitch follow don't like u @_graceexo,0.717366343427437,0.7682812214596443,0.5924422148289712,0.0,0.0,0.0,7
2171,0.0,0.0,1.0,lol nah hoes dealt y' http://t.co/rxtjwwkfhj,0.3063555029773115,0.3531207545600276,0.23579254232282953,0.16666666666666666,0.0,0.0,6
10006,0.0,0.0,1.0,exposed facebook hoe,0.5931890759439516,0.5103990570211789,0.6343547288178603,0.0,0.0,0.0,3
19531,0.0,0.0,1.0,rt @lildurk finna bag cutting weak hoes,0.5805150031106636,0.5851642654645086,0.6426424225088181,0.0,0.0,0.0,7
17882,0.0,0.0,1.0,rt @tweets_nochill club flyer hoe,0.249574904375792,0.2318497210162142,0.3035584571617843,0.0,0.0,0.0,5
5464,0.0,0.0,1.0,@actionlljackson bitch word awesome wrong,0.6772590032645958,0.6987973972650154,0.5680212041542018,0.0,0.2,0.0,5
22889,0.0,0.0,1.0,everytime cracker barrel girl great tits seats waitress nope chick teeth,0.7339317548134365,0.7526066351030688,0.7196007262581106,0.0,0.0,0.0,11
19468,0.0,0.0,1.0,rt @krystalschnutz eat random bitches ass eat iggy ass randomthought randomthot shitiwouldneverdo,0.6209991976556613,0.7164868441387025,0.42180323888640353,0.16666666666666666,0.0,0.0,12
23302,0.0,0.0,1.0,bitches comment vine like oh god knowin damn neva shit like lmfaaoo,0.7846895745500364,0.811304731515344,0.650667161701926,0.0,0.0,0.0,12
9910,0.0,0.0,1.0,bitch,0.5281434473385898,0.6495259019508495,0.27962286440931156,0.0,0.0,0.0,1
3060,0.0,0.0,1.0,@doughboyfreco hahahhaha mad bitches 128514;&#128514;&#128514;&#128514,0.5592807664397703,0.6245530935810255,0.3409917530818376,0.0,0.2,0.2,5
14610,0.0,0.0,1.0,rt @causewereguys dumb bitch lol http://t.co/zbuo9zoj2e,0.5297999646963333,0.6406795272319316,0.27264646740575954,0.0,0.16666666666666666,0.0,6
2232,0.0,0.0,1.0,hoes 128527;&#128520;&#128526,0.29835190134942363,0.37320813592478064,0.26247667066564545,0.0,0.0,0.0,2
7518,0.0,0.0,1.0,ai fuckin wit shady bitches,0.48805213460999664,0.6127043922170204,0.24998528414829452,0.0,0.2,0.0,5
4365,0.0,0.0,1.0,@ottawapolitico fucking muzzie edict come feds prov govt,0.65342736060012,0.5952512782938998,0.6041848173386067,0.0,0.0,0.0,8
179,0.0,0.0,1.0,@loveable_aizah big booty hoes sheesh damn 127807;&#128064;&#127807,0.5939281600244274,0.6823213549247179,0.48514654786370837,0.0,0.14285714285714285,0.14285714285714285,7
23452,0.0,0.0,1.0,catch public chick got iphone 4s seen public classy bitches,0.7104005451201173,0.6788197362232433,0.7424009468551301,0.2,0.0,0.0,10
14983,0.0,0.0,1.0,rt @desean_96 8220;@1bookieg fucked life bitch 128514;&#128514;&#128514;&#128164;&#8221;&#128514;&#128514;&#128514,0.705234207150022,0.7511315615467312,0.5760711145724116,0.0,0.0,0.0,7
4742,0.0,0.0,1.0,@starlavafox bitch like bitch,0.7199188981845753,0.8063632392784318,0.5253582353141187,0.0,0.0,0.0,4
20189,0.0,0.0,1.0,rt @tictacsforsex girlfriend like bitch talk bitch,0.758439331664909,0.8424655873544789,0.6072739376181063,0.0,0.0,0.0,7
24766,0.0,0.0,1.0,want attention hoe,0.6496250133041153,0.6340171250158386,0.6652003586298966,0.0,0.0,0.0,3
21603,0.0,0.0,1.0,price wrong bitch,0.528692041434534,0.5736820866622045,0.4876356508466569,0.0,0.3333333333333333,0.0,3
7733,0.0,0.0,1.0,girl pussy ai shit baby girl roll high,0.6736474249877056,0.7700406678193243,0.5138866557897067,0.0,0.0,0.0,8
13064,0.0,0.0,1.0,main bitch ghost,0.4881190779868118,0.4420168301347776,0.4404672732516639,0.3333333333333333,0.0,0.0,3
1509,0.0,0.0,1.0,8220;@sair lucky ashit got shawty want 128527;&#128175;&#8221 niggah tryna,0.6256671113531234,0.7424307861028651,0.5360654928876013,0.1111111111111111,0.0,0.0,9
19098,0.0,0.0,1.0,"rt @hittsblunt hits blunt 

 guy talk girls hoe hoes http://t.co/ypwo5rqwld",0.6735125344946576,0.7370623327805746,0.5680692695719585,0.0,0.1,0.1,10
2533,0.0,0.0,1.0,@bunnydahoney lt;= got hoes,0.5029192083492027,0.6264870086837601,0.4441076918165367,0.0,0.0,0.0,4
21861,0.0,0.0,1.0,pussy good,0.5914535403915329,0.6616703093963137,0.5041661208325225,0.0,0.0,0.0,2
3993,0.0,0.0,1.0,@moniierozay shit sorry hoe,0.6205207389900538,0.7310558415191529,0.41177202669703855,0.0,0.0,0.0,4
19860,0.0,0.0,1.0,rt @prettykells 8220;@100046729 fucked bitch fw talk hoes claim fw funny.&#8221;&#8252;&#65039;&#8252;&#65039;&#8230,0.7411652311024595,0.791067617344347,0.5943760988358631,0.0,0.0,0.0,11
8667,0.0,0.0,1.0,dawg fuck happened worried bout bitches fashion missing action,0.7632708618391344,0.7160948391963818,0.7205891741388045,0.0,0.2222222222222222,0.1111111111111111,9
8382,0.0,0.0,1.0,carl try eat pussy big ass nose fucking shit,0.713599409863685,0.8126878822493198,0.5466506901724748,0.1111111111111111,0.0,0.0,9
10792,0.0,0.0,1.0,need change m retarded fuck,0.4575852086803917,0.4852107073542219,0.42798302456459714,0.0,0.0,0.0,5
20328,0.0,0.0,1.0,rt @wizkhalifa currently taking ur bitches brain creativity wierdness,0.6076345590959148,0.5567993618152269,0.6593532051393944,0.0,0.0,0.0,9
12946,0.0,0.0,1.0,ralph lauren jacket comes tomorrow m giving free hugs bitches know high quality fabric feels like,0.6540129631991609,0.6532191424501654,0.7387699880200679,0.0,0.0,0.0,16
1415,0.0,0.0,1.0,8220;@mick_peddicord8 water polo fucking hard respect&#8221 yeah pussy,0.6655206496161434,0.687373628490846,0.6145739771452752,0.0,0.0,0.0,8
1672,0.0,0.0,1.0,8220;@__tharealist shawty wanna charge pussy like whoa now&#128561;&#8221 turnt cash use fuck free,0.7268075820785245,0.7433568303432052,0.6978807368773322,0.0,0.0,0.0,13
19188,0.0,0.0,1.0,rt @imikedunn bitches think bad bitch tell rhonda rousey,0.7505339227745259,0.8242440233348562,0.5973815577476107,0.0,0.1111111111111111,0.1111111111111111,9
14113,0.0,0.0,1.0,rt @adogg_34 @viva_based stealing car fuckin yo bitch,0.6033501064688085,0.6943267532580084,0.44629773925804644,0.0,0.125,0.125,8
19672,0.0,0.0,1.0,rt @michellemalkin good morning sunshine rt @miembrotropa @michellemalkin dirty bitch,0.7051610721601739,0.7735484423131181,0.6737645348255203,0.1,0.1,0.0,10
298,0.0,0.0,1.0,@_iwantfranny hoe,0.23474649380847493,0.2874384341872221,0.14679430863550655,0.0,0.0,0.0,2
9592,0.0,0.0,1.0,guys days act like care pussy easy thing matters 128079;&#128079;&#128079,0.7665474829968998,0.7480947538519882,0.773686605770761,0.0,0.0,0.0,10
18914,0.0,0.0,1.0,rt @dreaf 8220;@voiceofdstreetz ross got amber rose naked hoes ai loyal wiz&#8221 ai amber rose tho,0.531758611030946,0.6164877866999323,0.4212556406410405,0.0625,0.0,0.0,16
24544,0.0,0.0,1.0,hoes ai loyal n niggas ai fuck ah bitch ah bird,0.5022715980158392,0.6277780692737298,0.270867998611398,0.09090909090909091,0.0,0.0,11
7855,0.0,0.0,1.0,autocorrect makes life change hoes life duck,0.5931998978050155,0.5375637566872633,0.6686604842822534,0.0,0.0,0.0,7
17579,0.0,0.0,1.0,rt @teamboosieboo officer drunk driving swerving hoes,0.5586998629438952,0.4902833281022667,0.5503327526719678,0.0,0.0,0.0,7
4501,0.0,0.0,1.0,"@realpimpinken pimpinkendotnet sell bitch pussy til drip drop wet vet pet 

 hey bitch",0.5713938042206829,0.6846304148449737,0.46405414064404743,0.0,0.0,0.0,13
6245,0.0,0.0,1.0,@jennahnorberg retarded lol jk,0.3848698279951855,0.40924977523393746,0.2509798820618671,0.0,0.25,0.0,4
22240,0.0,0.0,1.0,pretty bitches got sore throat voice red bones turnoff,0.7068302912107786,0.7219280042643418,0.7037655348788906,0.1111111111111111,0.1111111111111111,0.1111111111111111,9
1074,0.0,0.0,1.0,8220;@239rell got paid 2million dollars eat nugget shit u eat it?&#8221 smash bitch,0.6459249246286971,0.7471245461062684,0.5245582067371972,0.23076923076923078,0.07692307692307693,0.07692307692307693,13
19200,0.0,0.0,1.0,rt @ispeakcomedy stay home school look clock yeah bitches math right,0.679267960834746,0.674037582939631,0.7500675249368027,0.0,0.09090909090909091,0.09090909090909091,11
7755,0.0,0.0,1.0,class literally sitting bus dad bitch,0.6351525631559058,0.6193136472857672,0.6005376378924148,0.0,0.0,0.0,6
22406,0.0,0.0,1.0,dollar menu amp spectate mall buying bitch cause shit want,0.7216880198055194,0.7311622396360684,0.733604195280792,0.0,0.0,0.0,10
20906,0.0,0.0,1.0,smile hoes hate,0.5791380231595813,0.6363302586228577,0.45644785073057254,0.0,0.3333333333333333,0.3333333333333333,3
1637,0.0,0.0,1.0,8220;@_cocakoula oomf fake bitch ass nigga point blank period smh&#8221 awwww shittttttt,0.7198854430961746,0.7356968227882675,0.5703274755852591,0.0,0.08333333333333333,0.0,12
24234,0.0,0.0,1.0,"little sisters kik thot ass thot 
 sister freak hoes",0.6980538878570473,0.7546183194284335,0.5506434945703971,0.0,0.0,0.0,9
7664,0.0,0.0,1.0,pussies losers niggas winnin,0.4626623457332394,0.49879779266690133,0.3034480371641438,0.0,0.0,0.0,4
20305,0.0,0.0,1.0,rt @waymoflydenu y' hoes hurry single mothers,0.3926918775477302,0.40119917751772627,0.3864301251510261,0.0,0.0,0.0,7
5411,0.0,0.0,1.0,@_littlepuffin hoe,0.23474649380847493,0.2874384341872221,0.14679430863550655,0.0,0.0,0.0,2
21591,0.0,0.0,1.0,nerve nicca step crispy ass shoes wit dusty ass timbs,0.6052254999902442,0.7082075615435688,0.47577856534081686,0.0,0.0,0.0,10
8059,0.0,0.0,1.0,bitches like got hoes like duhh tryna em 128514;&#128514 nbs,0.7238394279088356,0.810842878718849,0.6462299214571289,0.0,0.0,0.0,10
19728,0.0,0.0,1.0,rt @nandotrash tell girl calm act like kicked pussy,0.7505190587770938,0.7787483178562244,0.653523720271721,0.1111111111111111,0.1111111111111111,0.1111111111111111,9
5657,0.0,0.0,1.0,@brianholmes2700 bitch,0.5281434473385898,0.6495259019508495,0.27962286440931156,0.0,0.0,0.0,2
1809,0.0,0.0,1.0,8220;@joytooawesome think hoe pressed shit 128533;&#8221;righttt times asked be??ok,0.7778977020391106,0.7533468707157303,0.7411227185754294,0.0,0.0,0.0,9
9285,0.0,0.0,1.0,fuck hoes got award,0.5545536695532673,0.6406018960974291,0.47516300958347146,0.0,0.0,0.0,4
19282,0.0,0.0,1.0,rt @itsmeekmill unloyal girls turn good guys assholes unloyal guys turn good women bitches,0.8022306212263608,0.7949952327715308,0.753880768576115,0.14285714285714285,0.0,0.0,14
24444,0.0,0.0,1.0,y ordering lunch work delivered n like ppl goin n n wit card n ho gon na,0.4685413486890204,0.5311028805157038,0.4461061793716419,0.0,0.0,0.0,17
7121,0.0,0.0,1.0,@tay_waldon onlife yal niggas funny man lol lonnie suppose bitch band smh,0.7080891009750175,0.7301901353581216,0.544319417053296,0.0,0.0,0.0,12
5607,0.0,0.0,1.0,@bigdickdoane positive thoughts nig nog,0.4836679891938046,0.3832621450677215,0.5723907406024433,0.0,0.0,0.0,5
10918,0.0,0.0,1.0,swear bitches looney like pic amp fucking bitch&#128514;&#128514;&#128514,0.7794576077793676,0.823728399766705,0.6758031240535819,0.125,0.125,0.125,8
2647,0.0,0.0,1.0,@bombfantasyyy @angela_mastr lmao angela look like damn potato bitch talkin,0.798559128997493,0.8624685409614312,0.6858177730865189,0.0,0.1,0.1,10
24571,0.0,0.0,1.0,bitch think care talents,0.6408847085395271,0.6460957265956512,0.6106893758759112,0.0,0.0,0.0,4
15477,0.0,0.0,1.0,rt @hiimanasshole @dustine82394 @victoria_finae @jammer9hunna @scary_jumanji8 low key miss bitches&#128517,0.290719355863502,0.288597469134928,0.40019450022854913,0.0,0.0,0.0,10
13063,0.0,0.0,1.0,main bitch called tell missed 10084;&#65039;&#128536 super cute love boo @morgaanita,0.7059384230862159,0.7257869422868807,0.6852374442462671,0.18181818181818182,0.0,0.0,11
3357,0.0,0.0,1.0,@heavensway 2nd time faggot,0.2558195080655568,0.2320846674101446,0.31187798127726307,0.0,0.0,0.0,4
15935,0.0,0.0,1.0,rt @kmurder1000 suppose ride you&#128107 got bitches ina seat 128109;&#128111;&#128581,0.6306881097425067,0.7063459510868259,0.6129405160543222,0.0,0.0,0.0,10
4892,0.0,0.0,1.0,@thatboyado fuckin pussy haha,0.6108003649361584,0.7200348377790127,0.3750831209906401,0.0,0.0,0.0,4
22515,0.0,0.0,1.0,hire bitches,0.4565786517208494,0.4614334560846068,0.40452104990071647,0.5,0.0,0.0,2
15677,0.0,0.0,1.0,rt @itsnotharold noticed bitches hair reach shoulders talk shit,0.7787600381659895,0.8027745348376805,0.7465373865099206,0.0,0.0,0.0,9
10456,0.0,0.0,1.0,hate hoes looking nice nshit hair nails kids look like barely survived tornado,0.7813833678190806,0.7857010913107456,0.7980106484951874,0.0,0.07692307692307693,0.07692307692307693,13
18939,0.0,0.0,1.0,rt @dylanhornick @felferrara amp @_tiffanycarter rivvv tn bailing pussies,0.4845746022606693,0.5027461094060346,0.4856756509211108,0.0,0.0,0.0,9
1858,0.0,0.0,1.0,"8220;@missyf922 birthday yesssss!!!!!&#8221 

 obviously cares bitch",0.6698158802595366,0.7220505356425856,0.5726285882090429,0.0,0.0,0.0,6
18403,0.0,0.0,1.0,rt @___bria hate bitch acts like single need man ass,0.8589419410269309,0.8559474171655894,0.706942751955637,0.0,0.0,0.0,10
2068,0.0,0.0,1.0,m kill pussy straight murder shit m eat eat eat 1043291;&#1040788 lick till slaps aye 1041237;&#1041191,0.4996098606443197,0.5686936518262459,0.3980407651915282,0.1875,0.0625,0.0,16
20913,0.0,0.0,1.0,smokin loud yo ass panicking wwn hoes start vanishing,0.7246550542343164,0.785963578435948,0.5916004593695291,0.0,0.1111111111111111,0.0,9
13953,0.0,0.0,1.0,weights rack bitch smdh lol dick chaney http://t.co/pthwskjhdy,0.5990436785331792,0.6805854712179898,0.4780010811516155,0.0,0.125,0.0,8
14168,0.0,0.0,1.0,rt @amazing_trey3 m wasting time going cut bitch faster blink,0.5967242843354634,0.6227269343900594,0.6357647723860632,0.0,0.1,0.0,10
7439,0.0,0.0,1.0,hunned hunneds nicca letsgetit,0.0,0.0,0.0,0.0,0.0,0.0,4
11382,0.0,0.0,1.0,sick hoes oml,0.47185070779504384,0.5297715161532084,0.3354495491086726,0.0,0.3333333333333333,0.0,3
9173,0.0,0.0,1.0,frankie twat bb16,0.36421214727050033,0.45652599534156735,0.13568150839202345,0.0,0.0,0.0,3
11036,0.0,0.0,1.0,want paint faggot wo paint,0.5019612953460317,0.5556667163244844,0.44332278994051094,0.0,0.0,0.0,5
5453,0.0,0.0,1.0,@_xxsarafina haha hoe hard rt,0.5565612316363705,0.5918441161622134,0.5298746161790254,0.0,0.0,0.0,5
8513,0.0,0.0,1.0,commentators bitch bird sliding port guys buddy buddy fault,0.7517813155350479,0.7396677391123937,0.7346599488341768,0.0,0.2222222222222222,0.1111111111111111,9
18494,0.0,0.0,1.0,rt @_tellmeboutlove swear bitches think highschool,0.8173369703163198,0.8348513527462739,0.7293968868939072,0.16666666666666666,0.0,0.0,6
14029,0.0,0.0,1.0,rt @44binko @breadtruckkbri 128514;&#128514;&#128514 knwin heard dat hoe changed,0.5218702504531232,0.5332211489255024,0.47914498528031657,0.0,0.0,0.0,9
15942,0.0,0.0,1.0,rt @kailscooper single ladies vs cuffed hoes 128131;&#128141,0.2501811944948922,0.2551520084977958,0.29514753053095794,0.0,0.0,0.0,8
13533,0.0,0.0,1.0,oh nasty smoking cigarettes nasty washing ears everyday stupid little bitch,0.7989929068509906,0.81720473437783,0.7154249527500245,0.0,0.2727272727272727,0.18181818181818182,11
12130,0.0,0.0,1.0,casually ask ff stood car r u fking @foofighters bitch,0.6112296023476045,0.6550919972001966,0.5576810757087373,0.0,0.0,0.0,10
12588,0.0,0.0,1.0,lol rt @mstamarshawnice chicks enon hoes reformed hoes,0.5756639035696948,0.5940697167611912,0.5195069374101634,0.125,0.0,0.0,8
13819,0.0,0.0,1.0,phone drier yo bitch scalp,0.5498050527173683,0.6356094865832493,0.46022483315024787,0.0,0.0,0.0,5
11237,0.0,0.0,1.0,bitches 3d effect tonite http://t.co/dpylqzg1,0.4414618084378612,0.40111556324635755,0.496705624894419,0.0,0.0,0.0,5
8094,0.0,0.0,1.0,bitches bitches,0.6243305471311755,0.6563626102153295,0.48404489063979467,0.0,0.5,0.5,2
24152,0.0,0.0,1.0,lil bitch s bond ai nt got tell 128175;&#128076,0.5729252105537163,0.6995274758370141,0.4064216952453855,0.0,0.0,0.0,9
8027,0.0,0.0,1.0,biggest booth seen lastnight bitch leopard print jumper look like weight leopard,0.7120050630856145,0.6911676806205117,0.7966803031224183,0.0,0.0,0.0,12
17044,0.0,0.0,1.0,"rt @rawstongeorge 8220;@distilled9water @wizzyjr https://t.co/otz0fgdvpr 128557;&#128557;&#128557;&#128557;&#128557;&#128557;&#8221 bitch got ta die 10,000 deaths 128534;&#128557;&#8221 128557;&#128557;&#128557;&#128557;&#128557;&#128557;&#128557 gtfoh",0.5352455588559362,0.6114888575799958,0.40103914862200485,0.0,0.06666666666666667,0.0,15
20312,0.0,0.0,1.0,rt @whatupwxll @vivalakash 128514;&#128514;&#128514 got dhem hoes,0.5141621002353195,0.6462169957919882,0.4602154398243119,0.0,0.0,0.0,7
12329,0.0,0.0,1.0,leap tall hoes single bound,0.46014560832476603,0.4181439461023205,0.5488296409711979,0.0,0.0,0.0,5
2100,0.0,0.0,1.0,love talk crazy 1041191;&#1041219 suck niggah dick lotta spit let drip yea catch http://t.co/i3wohnqo7s,0.7057122184883795,0.80571059411407,0.5576942506529168,0.07142857142857142,0.14285714285714285,0.07142857142857142,14
3207,0.0,0.0,1.0,@fuckthemallcops @theharris338 @mrmooncricket @bobbybotsods @jimtalbot1963 @uncleunco aids fuck smdh u punk bitch,0.5824895870171132,0.6688962004758862,0.3854565596279208,0.0,0.0,0.0,12
18351,0.0,0.0,1.0,rt @_tommycollins @wearerichnow @buffalobills yeah texans better fucking retard,0.806812340576449,0.8358588519302819,0.7122049383094469,0.0,0.0,0.0,9
12133,0.0,0.0,1.0,hold goin crib bitch,0.6136280065248098,0.7078099851328955,0.49814838576584425,0.0,0.0,0.0,4
23958,0.0,0.0,1.0,http://t.co/bpu86qzyft evilyn fierce naughty girl door pummels pussy purple&#160;toy http://t.co/etbmz8ezao,0.5861773994502165,0.6374146405069228,0.4746953357001495,0.0,0.2,0.1,10
19309,0.0,0.0,1.0,rt @jacksondundan look bitch tweet like bitch stfu 128514;&#128514,0.7531487365570964,0.8191243254558919,0.6433703217582348,0.0,0.0,0.0,9
9781,0.0,0.0,1.0,hello bitches @withaprettyface want lies self &#128524;&#128080,0.20502127140629217,0.2415260513881871,0.20713398863850518,0.0,0.14285714285714285,0.14285714285714285,7
6787,0.0,0.0,1.0,@ojvrdy bitch bloked lmao,0.5295846999993704,0.6559293398122393,0.2669415021807558,0.0,0.0,0.0,4
2576,0.0,0.0,1.0,@belbert11 @buhrowaustin looks like buying big bitch box busch na,0.6590079919036146,0.7309967257115093,0.6305225095507211,0.0,0.0,0.0,10
12944,0.0,0.0,1.0,moor friends black friends moor friends said nigger came nigeria lost stop tagging,0.7094813573839872,0.6227880535278104,0.7392486396279542,0.0,0.15384615384615385,0.07692307692307693,13
3435,0.0,0.0,1.0,@hunturpls @steezeyflow nice ears bitch look like god damn elephant,0.7685290888068723,0.8162576680135688,0.6850330623788962,0.0,0.1,0.1,10
5403,0.0,0.0,1.0,@_igother bitch nt talk like bro,0.6114586707586454,0.6854510851830138,0.4323490886809923,0.16666666666666666,0.0,0.0,6
10904,0.0,0.0,1.0,hate bitches dmv californiadmv miserable hoes,0.7786041437895096,0.7778666100248331,0.6101828359698093,0.0,0.3333333333333333,0.3333333333333333,6
11566,0.0,0.0,1.0,ai nt talkin talking cus know bitches nt stop talking trustissues,0.614445159572134,0.6793200114896537,0.43924485052316997,0.18181818181818182,0.0,0.0,11
5898,0.0,0.0,1.0,@eanahs girl wanting shit growing hoes bout 6months,0.7561309166132382,0.7465665225410176,0.717331377301917,0.125,0.0,0.0,8
9080,0.0,0.0,1.0,females damn near naked wondering niccas jus wanna fuk lol,0.7187966146668396,0.7380744517620291,0.6095913006329148,0.0,0.1,0.1,10
18501,0.0,0.0,1.0,rt @_twelvestarr niggas catching attitudes expect bitch beg plenty sorry figure problem,0.8034411620209968,0.8165034972584864,0.7623434628846407,0.08333333333333333,0.08333333333333333,0.0,12
5613,0.0,0.0,1.0,@bigshaadswerver yea tj hoe dunking tk hitting shots juelz handling bitch,0.7004628604878427,0.6975751205151461,0.6982167572522724,0.0,0.09090909090909091,0.09090909090909091,11
20410,0.0,0.0,1.0,rt @yooslim y'all virgo bitches got ta chill thinking y' beyonc&#232 128514;&#128514;&#128514,0.6179616332280731,0.6958089536353249,0.513525590471855,0.0,0.0,0.0,13
9569,1.0,0.0,0.0,grandma homemade potato soup old fashioned simple chunky potato soup like grandma wit http://t.co/zv8zsmhnlm,0.5701081673019218,0.5816640420069037,0.5923929723529462,0.0,0.0,0.0,14
22575,1.0,0.0,0.0,went open house today amp place trash ewww,0.5924075827239345,0.5483195032231106,0.7125236967420955,0.0,0.0,0.0,8
9002,1.0,0.0,0.0,everybody loves pot brownies bring crystal meth cupcakes party suddenly weirdo,0.7159494149207758,0.691047738982003,0.7688027543968933,0.09090909090909091,0.0,0.0,11
13067,1.0,0.0,0.0,mama brownies,0.45700863588012897,0.519319565762245,0.3516384551878256,0.0,0.0,0.0,2
12468,1.0,0.0,0.0,literally got thing chug huge glass water,0.6984828001415725,0.6838114278468347,0.7684912784513707,0.0,0.0,0.0,7
5907,1.0,0.0,0.0,@edouglas528 sorry bout yanks earl uya like ws,0.6190812994985412,0.6271342686888387,0.6004604211550736,0.0,0.0,0.0,8
23517,1.0,0.0,0.0,yup rt @durags4eva egg nog trash rap,0.3997101269475874,0.4171344557863353,0.3281884460061744,0.0,0.0,0.0,7
2385,1.0,0.0,0.0,@ajkfan big congrats expect blogging rube chat days sleep need,0.6350494883404366,0.6687231508379595,0.6989056071559405,0.1,0.0,0.0,10
13892,1.0,0.0,0.0,posted new song guala http://t.co/tbpouto6zr http://t.co/y1rpitkiaf,0.1547463175580152,0.11600010275423431,0.315261207397425,0.0,0.0,0.0,6
7571,1.0,0.0,0.0,want cheesy bread brownies,0.6130390305160469,0.637447427627629,0.6335841924916498,0.0,0.0,0.0,4
7777,1.0,0.0,0.0,major development jihadi circles al maqdisi hardcore jihadi theorist asks specifically relief amp aid workers&#8217 release,0.3502114834216034,0.2001754940531157,0.472801100864149,0.0,0.0,0.0,16
22067,1.0,0.0,0.0,sexy tweet rt @yankees lead yankees turn matt thornton finish red sox 9th,0.5101884929577372,0.4756357742846345,0.5995349187524678,0.07692307692307693,0.0,0.0,13
15330,1.0,0.0,0.0,rt @gawker conan o'brien mocks new duty game getting killed repeatedly http://t.co/gfcsarhtjt,0.5536841737953422,0.46258191641573765,0.6742609552020061,0.0,0.08333333333333333,0.0,12
20085,1.0,0.0,0.0,rt @syd_renae @2014alyssa pink fuzzy amp silky silver bathrobes wonderful thing 128129;&#128526;&#128525,0.5704309757538901,0.5847262443710838,0.665076424000718,0.08333333333333333,0.0,0.0,12
8202,1.0,0.0,0.0,browns redskins considered nfl teams,0.4118918671827447,0.2952578048536579,0.5271768148545782,0.0,0.0,0.0,5
19686,1.0,0.0,0.0,rt @minhazmerchant sonia criticises kejriwal kejriwal trashes leader criticises sonia touching,0.5167177020181164,0.3731240918904289,0.6064819012343764,0.0,0.0,0.0,11
19735,1.0,0.0,0.0,rt @nebuladallas live hope day hot rich boy fall love m trash,0.6272861016736921,0.657478374559756,0.6664686557714609,0.0,0.08333333333333333,0.08333333333333333,12
3944,1.0,0.0,0.0,"@liveitupjersey @ccass357 trash jersey odds wouldn't minutes 
 watching barney",0.7021375174016932,0.6760633601411181,0.7255645259208455,0.0,0.0,0.0,10
20308,1.0,0.0,0.0,rt @weakenednachos thought bed mock election 3rd grade voted perot maybe related rea&#8230,0.4862948886870483,0.3859923674956116,0.58611943234927,0.07692307692307693,0.07692307692307693,0.07692307692307693,13
6553,1.0,0.0,0.0,@lcl03 slopes bro hahaha,0.4898885338451785,0.5395965210211369,0.43044665394918713,0.0,0.0,0.0,4
6014,1.0,0.0,0.0,@gerfingerpoken2 job prez protect throw trash ebola er cost daniel money amp lives dog,0.6656822910927555,0.6574721927383214,0.6824872981853886,0.07142857142857142,0.0,0.0,14
16589,1.0,0.0,0.0,rt @nhldevils adam henrique cleans trash net tying game njdevils 11:06 left regulation,0.566818325019352,0.5008280694150402,0.6976397485103578,0.07692307692307693,0.07692307692307693,0.0,13
2276,1.0,0.0,0.0,species birds reported chesterfield great backyard bird count area http://t.co/dtllzlxmpf,0.5125745804186125,0.36066548136817334,0.6677997551417404,0.0,0.0,0.0,10
15315,1.0,0.0,0.0,"rt @gopblackchick racists @msnbc crew anchors right wing folks @mharrisperry mocks mixed gop kids 
 http://t.co&#8230",0.6842862084821096,0.5838390361055051,0.7296567392236731,0.06666666666666667,0.0,0.0,15
17075,1.0,0.0,0.0,rt @realistt shy girls undercover freaks &#128527,-0.007207859885147275,0.05462050061655204,-0.031196861124331784,0.0,0.0,0.0,7
18391,1.0,0.0,0.0,rt @___legacy need ice cream oreos,0.45839712236391844,0.4809644745792779,0.5493568503546912,0.0,0.0,0.0,6
20198,1.0,0.0,0.0,rt @tj_curtin birds eye view today harvest14 activities thanks @brentjff great camera work http://t.co/rgetr4tv4s,0.5800749448674565,0.5008239582632488,0.757516853636588,0.0,0.0,0.0,14
19578,1.0,0.0,0.0,rt @losthistories dc fri 1/3 bengali harlem amp lost histories south asian reading convo @busboysandpoets 14th st cc @smithsonianapa @d&#8230,0.40817212410056974,0.33910458842298535,0.5237353459637506,0.0,0.05,0.05,20
14058,1.0,0.0,0.0,rt @abcbirds1 neonics deadly birds like american kestrel bees ask @lowes shelves ecowed http://t&#8230,0.6790452023094611,0.61055972327544,0.7403914303725541,0.0,0.07142857142857142,0.07142857142857142,14
14403,1.0,0.0,0.0,rt @bitesblog pat martin gon na yankees thing james beard house tonight http://t.co/crwy99x7eq,0.6845609338072047,0.7443401922406024,0.6194927278087264,0.0,0.0,0.0,13
22212,1.0,0.0,0.0,today fun tuesday awesome iu v michiganst 1ubb hoosiers,0.24920508845755504,0.3114387072617346,0.3550071259877796,0.0,0.0,0.0,9
24464,1.0,0.0,0.0,stance socks trash,0.6014673581637664,0.5291795291754683,0.6018383401393237,0.0,0.3333333333333333,0.0,3
4922,1.0,0.0,0.0,@theironpony rebel ripping mattress tags slippery slope,0.5590485474802475,0.5196912020552457,0.6418553183757822,0.0,0.0,0.0,7
2189,1.0,0.0,0.0,.@dawnbazely thank dawn state bird graces avatar,0.5269440728970242,0.4290336011765928,0.6241418747578611,0.14285714285714285,0.0,0.0,7
13622,1.0,0.0,0.0,anniversary 9/11 isis amp al qaeda supporters claim ben laden jihadi authenticity pathetic,0.2921922708038982,0.16295355443951376,0.33794847734776196,0.0,0.07692307692307693,0.0,13
17361,1.0,0.0,0.0,rt @soccergrlprobs germany like goal header goal diving header let play monkey,0.5660716844892305,0.5143228644399622,0.6821928030129673,0.0,0.0,0.0,12
19570,1.0,0.0,0.0,rt @lnsanetweets girls wear beanies look cute amp stylish wear look like member drug cartel sel&#8230,0.6911094629449595,0.6691261353131438,0.7366326891880418,0.0625,0.0625,0.0,16
12661,1.0,0.0,0.0,looks like yankees competing boston east cellar year mlb,0.5732153775625756,0.48114702917224483,0.7044756470607701,0.0,0.0,0.0,9
16822,1.0,0.0,0.0,rt @oreo woah depth ollusion unreal ollusions http://t.co/fuivthvzyn,0.3295429157995276,0.3134239397263343,0.4163260895416708,0.0,0.0,0.0,8
21339,1.0,0.0,0.0,thanks @jomousley80 cracker tweets today pilchards krackerwheat repeating like typical night bbc,0.7217138171452353,0.6458046795409782,0.8341331364282696,0.0,0.0,0.0,12
11321,1.0,0.0,0.0,making pollo la brasso today,0.19547476177010342,0.1613913125376927,0.3089931430751478,0.0,0.0,0.0,5
13810,1.0,0.0,0.0,diehard yankee fan point watching debacle yankees tigers mlb lol,0.5787769022467105,0.5615439401442912,0.5954594133538066,0.0,0.0,0.0,10
12533,1.0,0.0,0.0,lmaoooo @king_komo bird hand worth bush http://t.co/50ye6jaadu,0.5712895404275425,0.5364057317095565,0.6721358229958011,0.14285714285714285,0.0,0.0,7
22601,1.0,0.0,0.0,happened teen titans day mock teen titans,0.5451473407767933,0.5047130329615018,0.5438861084978427,0.0,0.0,0.0,7
1986,1.0,0.0,0.0,9733;@&#9733;@&#9733;@&#9733;@&#9733 grand opening 9733;@&#9733;@&#9733;@&#9733;@&#9733 class oriental massage perfect http://t.co/fhgqf0rwbe,0.4452880569718664,0.3533081894762214,0.6336838463268197,0.0,0.0,0.0,9
21070,1.0,0.0,0.0,explain blake griffin talking trash opposing 3rd string unbecoming clippers,0.634800977341014,0.5213858925011469,0.7245765801367118,0.2,0.1,0.0,10
9512,1.0,0.0,0.0,goodbye x young dolph featuring trinidad james amp shy glizzy,0.2850100041580025,0.2632361475010226,0.3254435824680797,0.2,0.0,0.0,10
24123,1.0,0.0,0.0,found @iubloomington australian president hoosiers team hoosierstate indiana iu iubb big10 tonight,0.4616878401358877,0.3407096199373459,0.5949707993384813,0.0,0.0,0.0,12
21287,1.0,0.0,0.0,taria filterless sis.dari angelic sis.im big bro lol jigg lil bro&#128553,0.5724576854194793,0.6354228590518817,0.4706883859420816,0.09090909090909091,0.0,0.0,11
6388,1.0,0.0,0.0,@kenzieblake2015 pretty easy actually cashier right eating animal crackers lolol,0.7237974177344867,0.6555413259774627,0.8196143704731534,0.2,0.0,0.0,10
21522,1.0,0.0,0.0,bird word esurancesave30,0.4785788026636275,0.40950903417901396,0.5184162853708687,0.0,0.0,0.0,3
660,1.0,0.0,0.0,2013faves rt 8220;@grahamorama snoop justin having fun charlie wilson tribute betawards https://t.co/c6nhwublxn&#8221,0.6073025345735267,0.6037859122443429,0.6651646716262518,0.0,0.0,0.0,12
14939,1.0,0.0,0.0,rt @darthputinkgb today charlie wilson left office ranked alongside lech wa&#322;&#281;sa role defeating communism,0.41923166260112077,0.27420546783429484,0.555682319499033,0.0,0.14285714285714285,0.0,14
22453,1.0,0.0,0.0,wait @kidfivevibes brownies,0.4728248052109979,0.521234333651823,0.5114639709811001,0.0,0.3333333333333333,0.0,3
20513,1.0,0.0,0.0,remember fear guide cripple,0.5653796132772477,0.5170523150108702,0.5905652285186417,0.25,0.0,0.0,4
10118,1.0,0.0,0.0,find mock anymore scary mass ignorance terrifying rt @kateelliottsff yes alas agree,0.6924386879014867,0.634543830869744,0.6658314555072488,0.08333333333333333,0.0,0.0,12
18539,1.0,0.0,0.0,rt @alexlundry charlie baker,0.3819561280237951,0.4029937456494361,0.43917560942862355,0.0,0.0,0.0,4
14392,1.0,0.0,0.0,rt @bigxcool rt slope feel,0.5171692739763297,0.558575805764613,0.5508907289568038,0.0,0.0,0.0,5
24615,1.0,0.0,0.0,trust set alpha good maybe better setting visibility false fly silver bird,0.66559930161482,0.601273302761985,0.793023671689359,0.08333333333333333,0.0,0.0,12
23368,1.0,0.0,0.0,like honestly tasted like sole shoes rt @rllllytired @itsnotharold shame,0.7175596329147881,0.7190300856694012,0.7162085290110953,0.0,0.0,0.0,10
22254,1.0,0.0,0.0,trailor trash tina time,0.5912779834191263,0.5513683033966921,0.6871389198224496,0.0,0.0,0.0,4
18912,1.0,0.0,0.0,rt @downswinging brendon urie boys feel like trash,0.7658266251337561,0.7822840907698615,0.7023369066288842,0.0,0.0,0.0,8
2227,1.0,0.0,0.0,adult human skulls found trash http://t.co/vcsnp9ejv9,0.5972523976405726,0.4557945581961602,0.6170751203436052,0.0,0.0,0.0,6
2650,1.0,0.0,0.0,@boner4tuna @tcc_grouchy @mrs__met @vortmax29 @llmajer @dmb1031 @aplmom @frogtox @kishkaandpipiks shots yellow smoke,0.5042494349489722,0.46544658639495584,0.5767461817085308,0.0,0.0,0.0,12
20167,1.0,0.0,0.0,rt @thereal_emandm yankee doodle farm cotton farm,0.34108745271277185,0.3183557118221134,0.3872690966867895,0.0,0.0,0.0,7
12816,1.0,0.0,0.0,"downloads flappy bird 
 sierra welp goes school",0.5588908377889811,0.5179330589309983,0.6626268059102589,0.0,0.0,0.0,7
3516,1.0,0.0,0.0,@intentionaltalk half jar marmalade shaved monkey saran wrap mini horse best scene askkevin,0.5791252779218885,0.5743322568663116,0.6677639478850758,0.0,0.0,0.0,13
20117,1.0,0.0,0.0,rt @terri_georgia charlie crist leads rick scott florida governor race vote matter http://t.co/fwuh5pvnjk,0.5273777134657692,0.41918529161576207,0.5625871401387984,0.15384615384615385,0.07692307692307693,0.07692307692307693,13
10731,1.0,0.0,0.0,love watching birds migrate wish understood peaceful sight,0.6827012552824667,0.59761778430531,0.7798085657028135,0.25,0.0,0.0,8
9677,1.0,0.0,0.0,purchased baseball field dirt want dirt @yankees stadium grandfather grave weirdtweets,0.598527885712759,0.5362229334767735,0.6688943442515531,0.0,0.0,0.0,11
8715,1.0,0.0,0.0,diabetes galore 128514;&#128514;&#128514;&#128514;&#128514 rt @time colorado health officials recommend pot brownie ban http://t.co/z59oy20tmp,0.4809433941144887,0.37147047760510205,0.5695277842714492,0.07692307692307693,0.0,0.0,13
14932,1.0,0.0,0.0,rt @dannytanner highest score flappy bird nt beat http://t.co/i2qgswipdc,0.43223702360411503,0.4400062414404942,0.44327501915732404,0.1111111111111111,0.1111111111111111,0.0,9
1320,1.0,0.0,0.0,8220;@imtoblame bruh rt @priscocbs trent took yellow path http://t.co/1xxguktjp8&#8221;&#128514;&#128514;&#128514;&#128514,0.4841384217431196,0.41083927940057763,0.622699964785346,0.0,0.0,0.0,9
12736,1.0,0.0,0.0,man zebra print dress robs bank http://t.co/3xapayzbge,0.5884429158748141,0.517497929768221,0.6124535283816382,0.0,0.14285714285714285,0.14285714285714285,7
8948,1.0,0.0,0.0,enjoy @greenfestival dc tickets code check booth vegan brownies samples amp http://t.co/scdzndk2aq,0.41106908418558713,0.40587869299103607,0.5586132978114535,0.08333333333333333,0.0,0.0,12
1201,1.0,0.0,0.0,8220;@commonmankfan mock drafts joke friends &#8221;anyone,-0.09492144013791683,-0.038461740192167006,-0.07096247114646721,0.0,0.0,0.0,6
10096,1.0,0.0,0.0,hear birds outside,0.586602064012527,0.5283780783123186,0.6482589619677567,0.0,0.0,0.0,3
22167,1.0,0.0,0.0,good pricklypear shiner http://t.co/fa02a3avxq,0.499308357210965,0.536482721011676,0.554931524543491,0.25,0.0,0.0,4
18526,1.0,0.0,0.0,rt @ajbk4life1 people realize jig,0.693368464403098,0.6336478391999262,0.6802631737320396,0.0,0.0,0.0,5
6603,1.0,0.0,0.0,@luchadora41 slavery prohibition letting women vote segregation jim crow laws etc etc day lol,0.5358331987711638,0.3807063296626055,0.5666801794355698,0.07142857142857142,0.14285714285714285,0.14285714285714285,14
6377,1.0,0.0,0.0,@kboydee like worst lyrics post beautiful know talking trash,0.7365287634005067,0.7025283313446044,0.7541239291782592,0.2222222222222222,0.0,0.0,9
18824,1.0,0.0,0.0,rt @daggerbyte old fashioned sewn magic birds,0.518760707898604,0.46686427080935317,0.5714078279649445,0.0,0.0,0.0,7
21068,1.0,0.0,0.0,bring goldfish crackers,0.5855580329658855,0.5230095704354254,0.6824260675134398,0.0,0.0,0.0,3
14518,1.0,0.0,0.0,rt @bryanhoch days yankees pitchers catchers report,0.3781306293328341,0.30015711838078957,0.5077941603179994,0.0,0.0,0.0,7
5739,1.0,0.0,0.0,@chucktodd @meetthepress walking amp little birds pitch doorstep singing sweet songs melodies pure amp true saying,0.6421547998017684,0.6089078322712511,0.75083485513337,0.0,0.0,0.0,16
8918,1.0,0.0,0.0,early bird gets worm gogetit,0.5147144171839286,0.4648764021583579,0.5913297359221106,0.0,0.0,0.0,5
22420,1.0,0.0,0.0,video charlie baker makes final push votes http://t.co/9artp5ymbs,0.4690781540594959,0.4229829874562684,0.6170228172003464,0.0,0.0,0.0,8
5656,1.0,0.0,0.0,@brianabrazilian oh phone trash knew,0.5537215335785032,0.6099654028330526,0.45754699486667055,0.0,0.0,0.0,5
17155,1.0,0.0,0.0,rt @sbnation reds fan snags foul ball gets shoved player flips bird true american hero http://t.co/ydu4pr531r http://t.co/&#8230,0.6255393832566144,0.602330796282322,0.6629352074142169,0.0,0.11764705882352941,0.11764705882352941,17
8917,1.0,0.0,0.0,early bird gets worm 128027;&#128036,0.5147144171839286,0.4648764021583579,0.5913297359221106,0.0,0.0,0.0,5
18325,1.0,0.0,0.0,rt @_mykalaj @whitakerc54 blame yellow chucks lmfao,0.6374142614815591,0.6080085946242839,0.6047929268554162,0.0,0.14285714285714285,0.14285714285714285,7
11917,1.0,0.0,0.0,karaoke night baby hi ho hi ho sing voice sounds like sandpaper hi ho hi ho,0.4058055876148779,0.4472825683367229,0.3798991507855011,0.0,0.0,0.0,16
19576,1.0,0.0,0.0,rt @lordemusic pleased proud announced sole curator soundtrack mockingjay,0.15867456744882413,0.1227688990277005,0.29373078093196114,0.1111111111111111,0.0,0.0,9
7252,1.0,0.0,0.0,@vernon1488 female grand champion jesse heard bird outside http://t.co/1oinieej9c,0.5561089843461351,0.4681765500325909,0.643165237022035,0.1111111111111111,0.0,0.0,9
6783,1.0,0.0,0.0,@npratc explains waving trash bags heads,0.6026470875034066,0.5449108674169385,0.6437737079574775,0.16666666666666666,0.0,0.0,6
16816,1.0,0.0,0.0,rt @opwarriorteam hi ho hi ho work militarymonday support military organization today http://t.co/9dv04wk&#8230,0.3858657880950328,0.3285968870471576,0.4121254120386644,0.0,0.0,0.0,13
15020,1.0,0.0,0.0,rt @domworldpeace teixeira point tonight yankees,0.5698836484388653,0.5601033136112183,0.645372872175791,0.0,0.0,0.0,6
15669,1.0,0.0,0.0,rt @itsfoodporn oreo ice cream sandwiches http://t.co/8ha6xac0h5,0.34718593387741004,0.3614919315172319,0.44158016227472235,0.0,0.0,0.0,7
8535,1.0,0.0,0.0,country bumpkin word day yokel http://t.co/abpfzgju,0.5449237081441951,0.4640125286002565,0.6090265060805969,0.0,0.0,0.0,6
18154,1.0,0.0,0.0,rt @yankees getting field ready today game http://t.co/lh4uzqxbei,0.560708993524941,0.5122926700416315,0.7237219144753232,0.0,0.0,0.0,8
23522,1.0,0.0,0.0,zack questions love oreos lol,0.547899670980448,0.5567259276468995,0.5543552216560432,0.0,0.0,0.0,5
19242,1.0,0.0,0.0,rt @illroots radio trash,0.33743155398626207,0.29732789657389086,0.3454998262376733,0.0,0.0,0.0,4
4226,1.0,0.0,0.0,"@nyrkelsmads 
 wishin local takes da yankee game spoil",0.4091037541340358,0.38068179636103666,0.5254939076206387,0.0,0.125,0.0,8
14037,1.0,0.0,0.0,"rt @49ers oregon state wr @brandincooks popular 49ers pick recent mock drafts 

 draft tracker http://t.co/aeuekmhkqx http://t.c&#8230",0.36070553073233813,0.2420259015851906,0.5176594394339982,0.0625,0.0,0.0,16
14407,1.0,0.0,0.0,rt @blackjeezuss drops trash mixtape dms http://t.co/wkfjfjknci,0.40487640050237894,0.4492734981294325,0.4231903118313035,0.0,0.0,0.0,7
19486,1.0,0.0,0.0,rt @lachlan wants tell washington post charlie crist democrat http://t.co/lgzzyusekz http://t.co/2jcvv7qxqf,0.6633359548139354,0.6219828493502253,0.6763662542725569,0.0,0.0,0.0,11
16422,1.0,0.0,0.0,rt @melissatweets scott walker investigate christie bridgegate perry drunk monkey dem da gate men innocent threats left&#8230,0.6132397691356664,0.532614409758122,0.5863586307271432,0.11764705882352941,0.0,0.0,17
24634,1.0,0.0,0.0,windoowww 8220;@brettcanfly bleaching teeth smiling flash talking trash breath&#8221,0.7147379290280982,0.6713058475533666,0.7469478371361489,0.2222222222222222,0.0,0.0,9
5664,1.0,0.0,0.0,@brittbritt_naay wexican,0.0,0.0,0.0,0.0,0.0,0.0,2
13714,1.0,0.0,0.0,swept motown lol yankees tigers mlb,0.45969375224486503,0.4522714029811728,0.4160837280193788,0.0,0.0,0.0,6
18758,1.0,0.0,0.0,rt @chilltweetss flappy bird deep hahaha http://t.co/emuhmr3jze,0.5347679247002273,0.5281411605636949,0.5952991126892202,0.0,0.0,0.0,7
16574,1.0,0.0,0.0,"rt @mysportslegion nick young says close $ 100,000 worth money watches sneakers clothes stolen house nig&#8230",0.4506198128874892,0.4241830461620869,0.5301479936326292,0.0625,0.0625,0.0625,16
9499,1.0,0.0,0.0,good morning twitter today positive beat meanie faces possible hate flappy bird,0.7626740122902239,0.7070879514266936,0.8346709361795871,0.08333333333333333,0.0,0.0,12
19346,1.0,0.0,0.0,rt @jennakimjones dear oreo hear watermelon flavor fake fruit flavor crisco sandwiches love&#8230,0.5571884170215898,0.571538199008067,0.6070292407027716,0.0,0.07692307692307693,0.0,13
20212,1.0,0.0,0.0,rt @townhallcom charlie crist refuses race based attack gop http://t.co/zshn94ok9s,0.42676644470420444,0.25689593028045316,0.49012929316357423,0.0,0.1,0.0,10
14145,1.0,0.0,0.0,rt @aliyahkorea whiteculture thinking weave ratchet ghetto extensions perfectly fine,0.666020478433699,0.613672024904072,0.7502558014720325,0.0,0.0,0.0,10
1980,1.0,0.0,0.0,best asian massage park slope --top rated spa http://t.co/iucrwofdts,0.3263908719096213,0.28025368208570106,0.48177880321834177,0.0,0.0,0.0,9
18962,1.0,0.0,0.0,rt @ella__fraser clam survival instinct kick door shut,0.5736887805447596,0.585102070571671,0.5862648077666156,0.0,0.0,0.0,8
14110,1.0,0.0,0.0,rt @adamschein think flat wrong blame brian cashman yankees @snytv,0.7045958682704341,0.6949643561839619,0.6614856348086285,0.0,0.1,0.0,10
21125,1.0,0.0,0.0,special thanks tina charlie staff waverly hills thanks dedicated time http://bit.ly/akyqk2,0.5136071962187951,0.43531882349795226,0.697835271194179,0.0,0.0,0.0,11
3827,1.0,0.0,0.0,@kingcuh @tee_jonez io lol osi tangi haha tuku ho tangible terryn atunga ho fie lea lahi mai,0.27131346776419923,0.31492977238956443,0.23287371233672893,0.0,0.0,0.0,17
22252,1.0,0.0,0.0,"tracy morgans car wreck press covered zappa 60's ""some joker brownie ye'll complete",0.5592906597015631,0.43945962931475463,0.6489470496556012,0.0,0.0,0.0,14
4849,1.0,0.0,0.0,@tasogarenoraiko decide damara gladiola gorgeous rust colored ones coming,0.7026168411440232,0.6416169051248484,0.8128202540450202,0.1111111111111111,0.0,0.0,9
16077,1.0,0.0,0.0,rt @krislisisms hot trash,0.4357533615332651,0.484465373830977,0.4223262923823841,0.0,0.0,0.25,4
1069,1.0,0.0,0.0,8216;chillin&#8217 homie what&#8217;s left him&#8217 british rapper turned isis jihadi poses severed head http://t.co/l9vmdnoxpg tcot,0.5263555926728994,0.4102998191391505,0.5668861404851573,0.0,0.2,0.0,15
9510,1.0,0.0,0.0,good ghetto thug 8220;@grasswire fpd arrested @sennasheed street ferguson&#8221 https://t.co/puiwlunbiz&#8221,0.6083774673058746,0.5102056055721947,0.5314362794359093,0.1,0.1,0.0,10
20134,1.0,0.0,0.0,rt @the_blueprint trash hope rt @complexmag @bigsean dropped new songs,0.49940204052458015,0.4805126611920377,0.6259617780078571,0.0,0.0,0.0,10
21871,1.0,0.0,0.0,clumsy bird lol life,0.5511761633944516,0.5279467299259677,0.5556040666938991,0.0,0.25,0.0,4
6062,1.0,0.0,0.0,@hardball @now @hardball_chris jimmy want talk trash chris stop talking spitting,0.7644054957950722,0.775168597570834,0.7066434554028378,0.18181818181818182,0.0,0.0,11
21627,1.0,0.0,0.0,value abu qutada&#8217;s statement credentials jihadi circles impeccable he&#8217;s facing trial terrorism charges,0.4429874218536895,0.26842982586564773,0.5557221345587458,0.07692307692307693,0.0,0.0,13
5975,1.0,0.0,0.0,@foreverschmoked vertical nip bars horizontal ones think look hella cute,0.7301818088910366,0.7255131561701292,0.7873488012097135,0.1,0.0,0.0,10
